{"cameraMode":{"drawMode":0,"name":"Shaded","section":"Shading Mode"},"sceneLighting":true,"audioPlay":false,"sceneViewState":{"m_AlwaysRefresh":false,"showFog":true,"showSkybox":true,"showFlares":true,"showImageEffects":true,"showParticleSystems":true,"showVisualEffectGraphs":true,"m_FxEnabled":true},"in2DMode":false,"pivot":{"x":8.691818237304688,"y":0.49597126245498659,"z":6.120103359222412},"rotation":{"x":0.4870547652244568,"y":0.000007804189408489037,"z":0.00003642718365881592,"w":0.8731703162193298},"size":3.8160312175750734,"orthographic":false}